tube_assembly_id,quantity_component,component_id,component_type_id,component_type,connection_type_id,outside_shape,base_type,height_over_tube,bolt_pattern_long,bolt_pattern_wide,groove,base_diameter,shoulder_diameter,unique_feature,orientation,weight,supplier,quote_date,annual_usage,min_order_quantity,bracket_pricing,quantity,cost
TA-00013,1.0,C-1259,CP-018,Boss,B-004,Round,Saddle,15.0,,,No,,,No,Yes,0.215,S-0026,1992-07-21,50,1,No,1,10.0042843709486
TA-00028,1.0,C-1970,CP-018,Boss,B-004,Round,Saddle,16.0,,,No,,,No,Yes,0.032,S-0062,2011-06-24,3,0,Yes,5,16.709046699643302
TA-00028,1.0,C-1970,CP-018,Boss,B-004,Round,Saddle,16.0,,,No,,,No,Yes,0.032,S-0062,2011-06-24,3,0,Yes,10,10.151733500998802
TA-00046,1.0,C-1233,CP-018,Boss,B-004,Round,Saddle,12.7,,,No,,,No,Yes,0.057999999999999996,S-0026,2010-11-19,15,1,No,1,228.148317132476
TA-00052,2.0,C-1536,CP-018,Boss,B-005,Round,Saddle,15.75,,,No,,,Yes,Yes,0.052000000000000005,S-0066,2013-10-01,0,0,Yes,1,29.5593774864653
TA-00052,2.0,C-1536,CP-018,Boss,B-005,Round,Saddle,15.75,,,No,,,Yes,Yes,0.052000000000000005,S-0066,2013-10-01,0,0,Yes,2,17.699459724131
TA-00052,2.0,C-1536,CP-018,Boss,B-005,Round,Saddle,15.75,,,No,,,Yes,Yes,0.052000000000000005,S-0066,2013-10-01,0,0,Yes,5,10.582952654919
TA-00052,2.0,C-1536,CP-018,Boss,B-005,Round,Saddle,15.75,,,No,,,Yes,Yes,0.052000000000000005,S-0066,2013-10-01,0,0,Yes,10,8.20985627882909
TA-00052,2.0,C-1536,CP-018,Boss,B-005,Round,Saddle,15.75,,,No,,,Yes,Yes,0.052000000000000005,S-0066,2013-10-01,0,0,Yes,25,6.7882241004212
TA-00052,2.0,C-1536,CP-018,Boss,B-005,Round,Saddle,15.75,,,No,,,Yes,Yes,0.052000000000000005,S-0066,2013-10-01,0,0,Yes,50,6.379261418961401
TA-00052,2.0,C-1536,CP-018,Boss,B-005,Round,Saddle,15.75,,,No,,,Yes,Yes,0.052000000000000005,S-0066,2013-10-01,0,0,Yes,100,6.19286346210557
TA-00052,2.0,C-1536,CP-018,Boss,B-005,Round,Saddle,15.75,,,No,,,Yes,Yes,0.052000000000000005,S-0066,2013-10-01,0,0,Yes,250,6.081581099803589
TA-00166,1.0,C-1925,CP-018,Boss,B-005,Round,Saddle,20.0,,,No,,,Yes,Yes,0.19699999999999998,S-0064,2008-06-01,450,1,No,1,9.45621873661134
TA-00229,1.0,C-1925,CP-018,Boss,B-005,Round,Saddle,20.0,,,No,,,Yes,Yes,0.19699999999999998,S-0013,2011-05-01,87,5,No,5,9.044473996093991
TA-00249,2.0,C-1536,CP-018,Boss,B-005,Round,Saddle,15.75,,,No,,,Yes,Yes,0.052000000000000005,S-0066,2013-10-01,0,0,Yes,1,26.028944542434697
TA-00249,2.0,C-1536,CP-018,Boss,B-005,Round,Saddle,15.75,,,No,,,Yes,Yes,0.052000000000000005,S-0066,2013-10-01,0,0,Yes,2,15.838262214630301
TA-00249,2.0,C-1536,CP-018,Boss,B-005,Round,Saddle,15.75,,,No,,,Yes,Yes,0.052000000000000005,S-0066,2013-10-01,0,0,Yes,5,9.72329640613611
TA-00249,2.0,C-1536,CP-018,Boss,B-005,Round,Saddle,15.75,,,No,,,Yes,Yes,0.052000000000000005,S-0066,2013-10-01,0,0,Yes,10,7.6840471169521996
TA-00249,2.0,C-1536,CP-018,Boss,B-005,Round,Saddle,15.75,,,No,,,Yes,Yes,0.052000000000000005,S-0066,2013-10-01,0,0,Yes,25,6.46272319068789
TA-00249,2.0,C-1536,CP-018,Boss,B-005,Round,Saddle,15.75,,,No,,,Yes,Yes,0.052000000000000005,S-0066,2013-10-01,0,0,Yes,50,6.12052992660928
TA-00249,2.0,C-1536,CP-018,Boss,B-005,Round,Saddle,15.75,,,No,,,Yes,Yes,0.052000000000000005,S-0066,2013-10-01,0,0,Yes,100,5.967516678444049
TA-00249,2.0,C-1536,CP-018,Boss,B-005,Round,Saddle,15.75,,,No,,,Yes,Yes,0.052000000000000005,S-0066,2013-10-01,0,0,Yes,250,5.87570872954491
TA-00350,1.0,C-1535,CP-018,Boss,B-005,Round,Saddle,15.75,,,No,,,Yes,Yes,0.052000000000000005,S-0015,2012-12-15,1,10,No,1,27.4450126027275
TA-00454,1.0,C-1417,CP-018,Boss,B-004,Round,Saddle,12.7,,,No,,,No,Yes,0.034,S-0066,1995-11-01,1,5,No,5,22.7516789726412
TA-00469,1.0,C-1925,CP-018,Boss,B-005,Round,Saddle,20.0,,,No,,,Yes,Yes,0.19699999999999998,S-0066,2011-08-01,2,5,No,1,50.5027180716992
TA-00473,1.0,C-1505,CP-018,Boss,B-004,Round,Shoulder,4.76,,,No,25.4,22.22,No,Yes,0.045,S-0026,2014-04-01,1,0,Yes,1,198.218925791357
TA-00473,1.0,C-1505,CP-018,Boss,B-004,Round,Shoulder,4.76,,,No,25.4,22.22,No,Yes,0.045,S-0026,2014-04-01,1,0,Yes,2,102.212849774375
TA-00473,1.0,C-1505,CP-018,Boss,B-004,Round,Shoulder,4.76,,,No,25.4,22.22,No,Yes,0.045,S-0026,2014-04-01,1,0,Yes,3,69.0896546351886
TA-00473,1.0,C-1505,CP-018,Boss,B-004,Round,Shoulder,4.76,,,No,25.4,22.22,No,Yes,0.045,S-0026,2014-04-01,1,0,Yes,4,53.3682389009754
TA-00473,1.0,C-1505,CP-018,Boss,B-004,Round,Shoulder,4.76,,,No,25.4,22.22,No,Yes,0.045,S-0026,2014-04-01,1,0,Yes,5,43.937058695881994
TA-00647,1.0,C-1431,CP-018,Boss,B-005,Round,Saddle,15.75,,,No,,,Yes,Yes,0.1,S-0064,2011-07-14,13,0,Yes,3,82.7634749030452
TA-00647,1.0,C-1431,CP-018,Boss,B-005,Round,Saddle,15.75,,,No,,,Yes,Yes,0.1,S-0064,2011-07-14,13,0,Yes,6,58.0893931216372
TA-00647,1.0,C-1431,CP-018,Boss,B-005,Round,Saddle,15.75,,,No,,,Yes,Yes,0.1,S-0064,2011-07-14,13,0,Yes,9,50.1438324532753
TA-00647,1.0,C-1431,CP-018,Boss,B-005,Round,Saddle,15.75,,,No,,,Yes,Yes,0.1,S-0064,2011-07-14,13,0,Yes,12,45.892846213339396
TA-00651,1.0,C-1233,CP-018,Boss,B-004,Round,Saddle,12.7,,,No,,,No,Yes,0.057999999999999996,S-0026,2007-11-16,10,10,No,10,15.4098251197676
TA-00729,1.0,C-1417,CP-018,Boss,B-004,Round,Saddle,12.7,,,No,,,No,Yes,0.034,S-0066,2011-08-01,442,55,No,1,8.01789420385816
TA-00864,1.0,C-1536,CP-018,Boss,B-005,Round,Saddle,15.75,,,No,,,Yes,Yes,0.052000000000000005,S-0066,2013-10-01,0,0,Yes,1,29.456441301335897
TA-00864,1.0,C-1536,CP-018,Boss,B-005,Round,Saddle,15.75,,,No,,,Yes,Yes,0.052000000000000005,S-0066,2013-10-01,0,0,Yes,2,17.596523539001698
TA-00864,1.0,C-1536,CP-018,Boss,B-005,Round,Saddle,15.75,,,No,,,Yes,Yes,0.052000000000000005,S-0066,2013-10-01,0,0,Yes,5,10.480016469789598
TA-00864,1.0,C-1536,CP-018,Boss,B-005,Round,Saddle,15.75,,,No,,,Yes,Yes,0.052000000000000005,S-0066,2013-10-01,0,0,Yes,10,8.106920093699749
TA-00864,1.0,C-1536,CP-018,Boss,B-005,Round,Saddle,15.75,,,No,,,Yes,Yes,0.052000000000000005,S-0066,2013-10-01,0,0,Yes,25,6.68528791529187
TA-00864,1.0,C-1536,CP-018,Boss,B-005,Round,Saddle,15.75,,,No,,,Yes,Yes,0.052000000000000005,S-0066,2013-10-01,0,0,Yes,50,6.27632523383206
TA-00864,1.0,C-1536,CP-018,Boss,B-005,Round,Saddle,15.75,,,No,,,Yes,Yes,0.052000000000000005,S-0066,2013-10-01,0,0,Yes,100,6.08992727697624
TA-00864,1.0,C-1536,CP-018,Boss,B-005,Round,Saddle,15.75,,,No,,,Yes,Yes,0.052000000000000005,S-0066,2013-10-01,0,0,Yes,250,5.97864491467425
TA-00885,1.0,C-1536,CP-018,Boss,B-005,Round,Saddle,15.75,,,No,,,Yes,Yes,0.052000000000000005,S-0066,2013-10-01,0,0,Yes,1,29.4926080690841
TA-00885,1.0,C-1536,CP-018,Boss,B-005,Round,Saddle,15.75,,,No,,,Yes,Yes,0.052000000000000005,S-0066,2013-10-01,0,0,Yes,2,17.6326903067498
TA-00885,1.0,C-1536,CP-018,Boss,B-005,Round,Saddle,15.75,,,No,,,Yes,Yes,0.052000000000000005,S-0066,2013-10-01,0,0,Yes,5,10.5161832375378
TA-00885,1.0,C-1536,CP-018,Boss,B-005,Round,Saddle,15.75,,,No,,,Yes,Yes,0.052000000000000005,S-0066,2013-10-01,0,0,Yes,10,8.14586892050544
TA-00885,1.0,C-1536,CP-018,Boss,B-005,Round,Saddle,15.75,,,No,,,Yes,Yes,0.052000000000000005,S-0066,2013-10-01,0,0,Yes,25,6.72145468304001
TA-00885,1.0,C-1536,CP-018,Boss,B-005,Round,Saddle,15.75,,,No,,,Yes,Yes,0.052000000000000005,S-0066,2013-10-01,0,0,Yes,50,6.3124920015802095
TA-00885,1.0,C-1536,CP-018,Boss,B-005,Round,Saddle,15.75,,,No,,,Yes,Yes,0.052000000000000005,S-0066,2013-10-01,0,0,Yes,100,6.12609404472438
TA-00885,1.0,C-1536,CP-018,Boss,B-005,Round,Saddle,15.75,,,No,,,Yes,Yes,0.052000000000000005,S-0066,2013-10-01,0,0,Yes,250,6.01481168242239
TA-00886,1.0,C-1536,CP-018,Boss,B-005,Round,Saddle,15.75,,,No,,,Yes,Yes,0.052000000000000005,S-0066,2013-10-01,0,0,Yes,1,29.370197470551897
TA-00886,1.0,C-1536,CP-018,Boss,B-005,Round,Saddle,15.75,,,No,,,Yes,Yes,0.052000000000000005,S-0066,2013-10-01,0,0,Yes,2,17.5102797082176
TA-00886,1.0,C-1536,CP-018,Boss,B-005,Round,Saddle,15.75,,,No,,,Yes,Yes,0.052000000000000005,S-0066,2013-10-01,0,0,Yes,5,10.396554698063099
TA-00886,1.0,C-1536,CP-018,Boss,B-005,Round,Saddle,15.75,,,No,,,Yes,Yes,0.052000000000000005,S-0066,2013-10-01,0,0,Yes,10,8.02345832197326
TA-00886,1.0,C-1536,CP-018,Boss,B-005,Round,Saddle,15.75,,,No,,,Yes,Yes,0.052000000000000005,S-0066,2013-10-01,0,0,Yes,25,6.59904408450782
TA-00886,1.0,C-1536,CP-018,Boss,B-005,Round,Saddle,15.75,,,No,,,Yes,Yes,0.052000000000000005,S-0066,2013-10-01,0,0,Yes,50,6.19286346210557
TA-00886,1.0,C-1536,CP-018,Boss,B-005,Round,Saddle,15.75,,,No,,,Yes,Yes,0.052000000000000005,S-0066,2013-10-01,0,0,Yes,100,6.00646550524974
TA-00886,1.0,C-1536,CP-018,Boss,B-005,Round,Saddle,15.75,,,No,,,Yes,Yes,0.052000000000000005,S-0066,2013-10-01,0,0,Yes,250,5.892401083890211
TA-00968,1.0,C-1764,CP-018,Boss,B-004,Round,Flat Bottom,10.0,,,No,14.0,,No,Yes,0.009000000000000001,S-0026,1995-02-20,25,1,No,1,15.980147226565302
TA-00970,1.0,C-1231,CP-018,Boss,B-004,Round,Saddle,12.7,,,No,,,No,Yes,0.015,S-0064,2008-02-14,4,0,Yes,1,414.13174718872904
TA-00970,1.0,C-1231,CP-018,Boss,B-004,Round,Saddle,12.7,,,No,,,No,Yes,0.015,S-0064,2008-02-14,4,0,Yes,2,250.396443415701
TA-00970,1.0,C-1231,CP-018,Boss,B-004,Round,Saddle,12.7,,,No,,,No,Yes,0.015,S-0064,2008-02-14,4,0,Yes,3,191.644920238367
TA-00970,1.0,C-1231,CP-018,Boss,B-004,Round,Saddle,12.7,,,No,,,No,Yes,0.015,S-0064,2008-02-14,4,0,Yes,4,159.834856974344
TA-01069,1.0,C-1431,CP-018,Boss,B-005,Round,Saddle,15.75,,,No,,,Yes,Yes,0.1,S-0066,2004-03-03,1,0,Yes,2,70.458427691503
TA-01069,1.0,C-1431,CP-018,Boss,B-005,Round,Saddle,15.75,,,No,,,Yes,Yes,0.1,S-0066,2004-03-03,1,0,Yes,10,54.099920433111
TA-01069,1.0,C-1431,CP-018,Boss,B-005,Round,Saddle,15.75,,,No,,,Yes,Yes,0.1,S-0066,2004-03-03,1,0,Yes,15,48.449558487227605
TA-01069,1.0,C-1431,CP-018,Boss,B-005,Round,Saddle,15.75,,,No,,,Yes,Yes,0.1,S-0066,2004-03-03,1,0,Yes,20,45.6285506028722
TA-01341,1.0,C-1503,CP-018,Boss,B-005,Round,Saddle,26.0,,,No,,,Yes,Yes,0.455,S-0066,2010-06-15,14,1,No,1,34.742353510680296
TA-01604,1.0,C-1256,CP-018,Boss,B-005,Round,Shoulder,13.0,,,No,40.0,29.0,Yes,Yes,0.14,S-0066,2007-04-12,3,1,No,1,123.87396159645701
TA-01676,1.0,C-1535,CP-018,Boss,B-005,Round,Saddle,15.75,,,No,,,Yes,Yes,0.052000000000000005,S-0064,2013-04-17,2,0,Yes,2,65.022284293051
TA-01676,1.0,C-1535,CP-018,Boss,B-005,Round,Saddle,15.75,,,No,,,Yes,Yes,0.052000000000000005,S-0064,2013-04-17,2,0,Yes,3,47.6399793014806
TA-01676,1.0,C-1535,CP-018,Boss,B-005,Round,Saddle,15.75,,,No,,,Yes,Yes,0.052000000000000005,S-0064,2013-04-17,2,0,Yes,4,38.9488268056954
TA-01676,1.0,C-1535,CP-018,Boss,B-005,Round,Saddle,15.75,,,No,,,Yes,Yes,0.052000000000000005,S-0064,2013-04-17,2,0,Yes,5,33.7352481318473
TA-01739,1.0,C-1973,CP-018,Boss,B-004,Round,Saddle,19.05,,,No,31.75,,No,Yes,0.05,S-0064,2001-03-29,6,10,No,1,50.3552689416491
TA-01757,1.0,C-1505,CP-018,Boss,B-004,Round,Shoulder,4.76,,,No,25.4,22.22,No,Yes,0.045,S-0014,2002-08-22,0,0,Yes,2,24.2651190999483
TA-01757,1.0,C-1505,CP-018,Boss,B-004,Round,Shoulder,4.76,,,No,25.4,22.22,No,Yes,0.045,S-0014,2002-08-22,0,0,Yes,4,13.832397634137001
TA-01757,1.0,C-1505,CP-018,Boss,B-004,Round,Shoulder,4.76,,,No,25.4,22.22,No,Yes,0.045,S-0014,2002-08-22,0,0,Yes,6,10.3548238121999
TA-01757,1.0,C-1505,CP-018,Boss,B-004,Round,Shoulder,4.76,,,No,25.4,22.22,No,Yes,0.045,S-0014,2002-08-22,0,0,Yes,8,8.61603690123134
TA-01757,1.0,C-1505,CP-018,Boss,B-004,Round,Shoulder,4.76,,,No,25.4,22.22,No,Yes,0.045,S-0014,2002-08-22,0,0,Yes,10,7.57276475465021
TA-01899,1.0,C-0165,CP-018,Boss,B-005,Round,Shoulder,12.0,,,No,30.0,25.0,No,Yes,0.046,S-0026,2012-03-15,12,0,Yes,2,94.342404700567
TA-01899,1.0,C-0165,CP-018,Boss,B-005,Round,Shoulder,12.0,,,No,30.0,25.0,No,Yes,0.046,S-0026,2012-03-15,12,0,Yes,3,67.56786833070889
TA-01899,1.0,C-0165,CP-018,Boss,B-005,Round,Shoulder,12.0,,,No,30.0,25.0,No,Yes,0.046,S-0026,2012-03-15,12,0,Yes,4,53.58245744840671
TA-01899,1.0,C-0165,CP-018,Boss,B-005,Round,Shoulder,12.0,,,No,30.0,25.0,No,Yes,0.046,S-0026,2012-03-15,12,0,Yes,5,45.909538567684706
TA-01899,1.0,C-0165,CP-018,Boss,B-005,Round,Shoulder,12.0,,,No,30.0,25.0,No,Yes,0.046,S-0026,2012-03-15,12,0,Yes,6,40.7905499017933
TA-01940,1.0,C-0199,CP-018,Boss,B-004,Round,Shoulder,23.6,,,No,33.33,23.9,Yes,Yes,0.1,S-0066,2001-05-10,10,1,No,1,188.12839758962397
TA-01944,1.0,C-0199,CP-018,Boss,B-004,Round,Shoulder,23.6,,,No,33.33,23.9,Yes,Yes,0.1,S-0066,2011-08-01,10,0,Yes,1,395.800760058534
TA-01944,1.0,C-0199,CP-018,Boss,B-004,Round,Shoulder,23.6,,,No,33.33,23.9,Yes,Yes,0.1,S-0066,2011-08-01,10,0,Yes,3,182.834139203107
TA-01944,1.0,C-0199,CP-018,Boss,B-004,Round,Shoulder,23.6,,,No,33.33,23.9,Yes,Yes,0.1,S-0066,2011-08-01,10,0,Yes,5,138.563233420319
TA-01944,1.0,C-0199,CP-018,Boss,B-004,Round,Shoulder,23.6,,,No,33.33,23.9,Yes,Yes,0.1,S-0066,2011-08-01,10,0,Yes,10,107.23446637325199
TA-01947,1.0,C-0161,CP-020,,9999,,,19.2,76.2,,No,,,No,Yes,0.5589999999999999,S-0066,2012-10-02,575,40,No,40,45.8177306187856
TA-01949,1.0,C-0199,CP-018,Boss,B-004,Round,Shoulder,23.6,,,No,33.33,23.9,Yes,Yes,0.1,S-0066,2001-05-10,10,1,No,1,180.00200308252101
TA-01952,1.0,C-1426,CP-018,Boss,B-005,Round,Shoulder,17.53,,,No,31.75,24.61,Yes,Yes,0.071,S-0066,2004-03-11,5,1,No,1,25.5977253885145
TA-02199,1.0,C-1410,CP-018,Boss,B-004,Round,Flat Bottom,22.23,,,No,31.75,,No,Yes,0.005,S-0026,1997-05-01,10,1,No,1,203.73296684342
TA-02222,1.0,C-1233,CP-018,Boss,B-004,Round,Saddle,12.7,,,No,,,No,Yes,0.057999999999999996,S-0026,2013-02-12,1,0,Yes,2,62.9023552911981
TA-02222,1.0,C-1233,CP-018,Boss,B-004,Round,Saddle,12.7,,,No,,,No,Yes,0.057999999999999996,S-0026,2013-02-12,1,0,Yes,3,43.40846747494761
TA-02222,1.0,C-1233,CP-018,Boss,B-004,Round,Saddle,12.7,,,No,,,No,Yes,0.057999999999999996,S-0026,2013-02-12,1,0,Yes,4,33.006348658769305
TA-02222,1.0,C-1233,CP-018,Boss,B-004,Round,Saddle,12.7,,,No,,,No,Yes,0.057999999999999996,S-0026,2013-02-12,1,0,Yes,5,27.550730846914398
TA-02264,1.0,C-1417,CP-018,Boss,B-004,Round,Saddle,12.7,,,No,,,No,Yes,0.034,S-0026,1997-12-04,15,1,Yes,1,41.8282579302593
TA-02264,1.0,C-1417,CP-018,Boss,B-004,Round,Saddle,12.7,,,No,,,No,Yes,0.034,S-0026,2011-05-02,4,2,Yes,2,92.4450404233181
TA-02265,1.0,C-1417,CP-018,Boss,B-004,Round,Saddle,12.7,,,No,,,No,Yes,0.034,S-0026,2012-03-16,186,4,No,1,50.5194104260445
TA-02266,1.0,C-1417,CP-018,Boss,B-004,Round,Saddle,12.7,,,No,,,No,Yes,0.034,S-0026,1997-12-04,10,1,No,1,57.627571318083895
TA-02279,1.0,C-1536,CP-018,Boss,B-005,Round,Saddle,15.75,,,No,,,Yes,Yes,0.052000000000000005,S-0041,2013-08-05,220,40,No,40,5.892401083890211
TA-02353,1.0,C-0245,CP-018,Boss,B-004,Round,Shoulder,20.5,,,No,26.9,20.6,Yes,Yes,0.1,S-0066,1998-02-28,1,1,No,1,106.769862510641
TA-02534,1.0,C-0165,CP-018,Boss,B-005,Round,Shoulder,12.0,,,No,30.0,25.0,No,Yes,0.046,S-0066,2011-08-01,120,12,No,1,20.2478258208465
TA-02535,1.0,C-0165,CP-018,Boss,B-005,Round,Shoulder,12.0,,,No,30.0,25.0,No,Yes,0.046,S-0066,1998-07-27,9,1,No,1,65.4618496241438
TA-02597,1.0,C-0213,CP-018,Stud,B-002,Round,Saddle,22.35,,,No,,,No,Yes,0.159,S-0041,2012-11-02,2,3,No,3,28.140527367114895
TA-03059,1.0,C-1506,CP-018,Boss,B-004,Round,Shoulder,9.53,,,No,22.22,18.26,No,Yes,0.021,S-0066,2000-07-11,0,0,Yes,3,59.1521396816212
TA-03059,1.0,C-1506,CP-018,Boss,B-004,Round,Shoulder,9.53,,,No,22.22,18.26,No,Yes,0.021,S-0066,2000-07-11,0,0,Yes,5,40.2953433895495
TA-03059,1.0,C-1506,CP-018,Boss,B-004,Round,Shoulder,9.53,,,No,22.22,18.26,No,Yes,0.021,S-0066,2000-07-11,0,0,Yes,10,26.1541372000245
TA-03059,1.0,C-1506,CP-018,Boss,B-004,Round,Shoulder,9.53,,,No,22.22,18.26,No,Yes,0.021,S-0066,2000-07-11,0,0,Yes,25,16.6812261090678
TA-03059,1.0,C-1506,CP-018,Boss,B-004,Round,Shoulder,9.53,,,No,22.22,18.26,No,Yes,0.021,S-0066,2000-07-11,0,0,Yes,50,12.7529587198077
TA-03059,1.0,C-1506,CP-018,Boss,B-004,Round,Shoulder,9.53,,,No,22.22,18.26,No,Yes,0.021,S-0066,2000-07-11,0,0,Yes,100,10.8528123835013
TA-03202,1.0,C-1417,CP-018,Boss,B-004,Round,Saddle,12.7,,,No,,,No,Yes,0.034,S-0066,2011-08-01,12,1,No,1,98.9355842045815
TA-03203,1.0,C-1417,CP-018,Boss,B-004,Round,Saddle,12.7,,,No,,,No,Yes,0.034,S-0066,2011-08-01,3,1,No,1,99.019045976308
TA-03804,1.0,C-1233,CP-018,Boss,B-004,Round,Saddle,12.7,,,No,,,No,Yes,0.057999999999999996,S-0064,2005-04-30,302,1,No,1,8.79687073997207
TA-04108,1.0,C-0199,CP-018,Boss,B-004,Round,Shoulder,23.6,,,No,33.33,23.9,Yes,Yes,0.1,S-0066,2011-08-01,25,1,No,1,69.57929702931729
TA-04842,1.0,C-0199,CP-018,Boss,B-004,Round,Shoulder,23.6,,,No,33.33,23.9,Yes,Yes,0.1,S-0066,2013-10-04,87,4,No,4,30.9810096648732
TA-04971,1.0,C-0486,CP-018,Boss,B-004,Round,Shoulder,25.4,,,No,38.1,26.9,Yes,Yes,0.114,S-0066,2011-08-01,25,10,Yes,1,75.54959576681891
TA-04971,1.0,C-0486,CP-018,Boss,B-004,Round,Shoulder,25.4,,,No,38.1,26.9,Yes,Yes,0.114,S-0066,2012-05-10,8,0,Yes,1,370.589740879019
TA-04971,1.0,C-0486,CP-018,Boss,B-004,Round,Shoulder,25.4,,,No,38.1,26.9,Yes,Yes,0.114,S-0066,2012-05-10,8,0,Yes,2,213.97372623426003
TA-05005,2.0,C-0199,CP-018,Boss,B-004,Round,Shoulder,23.6,,,No,33.33,23.9,Yes,Yes,0.1,S-0066,2011-08-01,2,15,Yes,2,109.137394768616
TA-05005,2.0,C-0199,CP-018,Boss,B-004,Round,Shoulder,23.6,,,No,33.33,23.9,Yes,Yes,0.1,S-0066,2012-03-12,2,1,Yes,1,109.677114225781
TA-05341,1.0,C-1426,CP-018,Boss,B-005,Round,Shoulder,17.53,,,No,31.75,24.61,Yes,Yes,0.071,S-0066,2011-08-01,17,0,Yes,5,49.0922141295215
TA-05341,1.0,C-1426,CP-018,Boss,B-005,Round,Shoulder,17.53,,,No,31.75,24.61,Yes,Yes,0.071,S-0066,2011-08-01,17,0,Yes,10,31.6932167836059
TA-05341,1.0,C-1426,CP-018,Boss,B-005,Round,Shoulder,17.53,,,No,31.75,24.61,Yes,Yes,0.071,S-0066,2011-08-01,17,0,Yes,20,21.752919770980895
TA-05341,1.0,C-1426,CP-018,Boss,B-005,Round,Shoulder,17.53,,,No,31.75,24.61,Yes,Yes,0.071,S-0066,2011-08-01,17,0,Yes,50,16.0357884077163
TA-05343,1.0,C-1536,CP-018,Boss,B-005,Round,Saddle,15.75,,,No,,,Yes,Yes,0.052000000000000005,S-0066,2013-10-01,0,0,Yes,1,30.725060231578603
TA-05343,1.0,C-1536,CP-018,Boss,B-005,Round,Saddle,15.75,,,No,,,Yes,Yes,0.052000000000000005,S-0066,2013-10-01,0,0,Yes,2,18.8651424692443
TA-05343,1.0,C-1536,CP-018,Boss,B-005,Round,Saddle,15.75,,,No,,,Yes,Yes,0.052000000000000005,S-0066,2013-10-01,0,0,Yes,5,11.7486354000323
TA-05343,1.0,C-1536,CP-018,Boss,B-005,Round,Saddle,15.75,,,No,,,Yes,Yes,0.052000000000000005,S-0066,2013-10-01,0,0,Yes,10,9.3755390239424
TA-05343,1.0,C-1536,CP-018,Boss,B-005,Round,Saddle,15.75,,,No,,,Yes,Yes,0.052000000000000005,S-0066,2013-10-01,0,0,Yes,25,7.953906845534519
TA-05343,1.0,C-1536,CP-018,Boss,B-005,Round,Saddle,15.75,,,No,,,Yes,Yes,0.052000000000000005,S-0066,2013-10-01,0,0,Yes,50,7.5449441640747095
TA-05343,1.0,C-1536,CP-018,Boss,B-005,Round,Saddle,15.75,,,No,,,Yes,Yes,0.052000000000000005,S-0066,2013-10-01,0,0,Yes,100,7.3585462072188905
TA-05343,1.0,C-1536,CP-018,Boss,B-005,Round,Saddle,15.75,,,No,,,Yes,Yes,0.052000000000000005,S-0066,2013-10-01,0,0,Yes,250,7.2472638449169
TA-05702,1.0,C-0199,CP-018,Boss,B-004,Round,Shoulder,23.6,,,No,33.33,23.9,Yes,Yes,0.1,S-0066,2013-06-07,38,5,No,5,45.0498823189019
TA-06390,1.0,C-1257,CP-018,Boss,B-005,Round,Shoulder,10.0,,,No,25.0,18.0,No,Yes,0.06,S-0064,2012-10-12,23,0,Yes,10,28.6858109423947
TA-06390,1.0,C-1257,CP-018,Boss,B-005,Round,Shoulder,10.0,,,No,25.0,18.0,No,Yes,0.06,S-0064,2012-10-12,23,0,Yes,15,24.000823489481
TA-06390,1.0,C-1257,CP-018,Boss,B-005,Round,Shoulder,10.0,,,No,25.0,18.0,No,Yes,0.06,S-0064,2012-10-12,23,0,Yes,20,21.6555477039667
TA-06807,1.0,C-1506,CP-018,Boss,B-004,Round,Shoulder,9.53,,,No,22.22,18.26,No,Yes,0.021,S-0013,2011-05-01,100,5,No,5,14.260834728999601
TA-06891,1.0,C-1505,CP-018,Boss,B-004,Round,Shoulder,4.76,,,No,25.4,22.22,No,Yes,0.045,S-0066,2011-08-01,2000,200,No,200,14.5891176977905
TA-06959,1.0,C-1505,CP-018,Boss,B-004,Round,Shoulder,4.76,,,No,25.4,22.22,No,Yes,0.045,S-0066,2011-08-01,660,40,No,40,12.950484912893698
TA-07012,1.0,C-0071,CP-018,Boss,B-005,Round,Shoulder,20.0,,,No,30.0,23.0,Yes,Yes,0.08,S-0066,2011-08-01,250,12,No,1,29.687352203112603
TA-07244,1.0,C-1411,CP-018,Boss,B-004,Round,Flat Bottom,18.3,,,No,25.0,,No,Yes,0.057,S-0066,2011-06-29,1,0,Yes,1,252.914206862783
TA-07244,1.0,C-1411,CP-018,Boss,B-004,Round,Flat Bottom,18.3,,,No,25.0,,No,Yes,0.057,S-0066,2011-06-29,1,0,Yes,2,154.916176560596
TA-07244,1.0,C-1411,CP-018,Boss,B-004,Round,Flat Bottom,18.3,,,No,25.0,,No,Yes,0.057,S-0066,2011-06-29,1,0,Yes,3,120.285105412218
TA-07244,1.0,C-1411,CP-018,Boss,B-004,Round,Flat Bottom,18.3,,,No,25.0,,No,Yes,0.057,S-0066,2011-06-29,1,0,Yes,5,76.7013682166445
TA-07541,1.0,C-1411,CP-018,Boss,B-004,Round,Flat Bottom,18.3,,,No,25.0,,No,Yes,0.057,S-0013,2009-10-01,781,78,No,78,19.404861926408998
TA-07577,1.0,C-0165,CP-018,Boss,B-005,Round,Shoulder,12.0,,,No,30.0,25.0,No,Yes,0.046,S-0066,2011-08-01,2,2,No,2,235.476260690062
TA-07618,1.0,C-1924,CP-018,Boss,B-004,Round,Saddle,15.0,,,No,,,No,Yes,0.09,S-0066,2011-08-01,24,5,No,5,30.9949199601609
TA-07857,1.0,C-1411,CP-018,Boss,B-004,Round,Flat Bottom,18.3,,,No,25.0,,No,Yes,0.057,S-0066,2011-08-01,100,10,No,10,17.760665023397102
TA-07967,1.0,C-1536,CP-018,Boss,B-005,Round,Saddle,15.75,,,No,,,Yes,Yes,0.052000000000000005,S-0013,2011-05-01,331,40,No,40,6.295799647234911
TA-08010,1.0,C-1411,CP-018,Boss,B-004,Round,Flat Bottom,18.3,,,No,25.0,,No,Yes,0.057,S-0066,2009-08-31,367,6,No,6,18.06390946067
TA-08176,1.0,C-1925,CP-018,Boss,B-005,Round,Saddle,20.0,,,No,,,Yes,Yes,0.19699999999999998,S-0066,2009-06-08,15,1,No,1,53.50455979479529
TA-08273,1.0,C-0245,CP-018,Boss,B-004,Round,Shoulder,20.5,,,No,26.9,20.6,Yes,Yes,0.1,S-0066,2011-08-01,10,1,No,1,70.7533259516033
TA-08274,1.0,C-0245,CP-018,Boss,B-004,Round,Shoulder,20.5,,,No,26.9,20.6,Yes,Yes,0.1,S-0066,2011-08-01,10,1,No,1,70.3193247386255
TA-08465,1.0,C-1536,CP-018,Boss,B-005,Round,Saddle,15.75,,,No,,,Yes,Yes,0.052000000000000005,S-0041,2013-08-05,1,20,No,20,8.71340896824558
TA-08769,1.0,C-1862,CP-018,Boss,B-004,Round,Flat Bottom,19.0,,,No,25.0,,No,Yes,0.091,S-0066,2011-08-01,230,12,No,1,28.9640168481497
TA-08941,1.0,C-1411,CP-018,Boss,B-004,Round,Flat Bottom,18.3,,,No,25.0,,No,Yes,0.057,S-0013,2011-05-01,36,18,Yes,18,13.5987046733028
TA-08941,1.0,C-1411,CP-018,Boss,B-004,Round,Flat Bottom,18.3,,,No,25.0,,No,Yes,0.057,S-0013,2014-04-03,6,18,Yes,18,13.5987046733028
TA-09009,1.0,C-0008,CP-018,Boss,B-005,Round,Flat Bottom,17.0,,,No,22.0,,Yes,Yes,0.032,S-0066,2011-08-01,200,15,No,1,14.5084379851215
TA-09186,1.0,C-0699,CP-018,Boss,B-011,Round,Shoulder,17.5,,,No,22.0,18.0,No,Yes,0.044000000000000004,S-0026,2008-03-01,2925,1,No,1,13.6209611457632
TA-09188,1.0,C-0699,CP-018,Boss,B-011,Round,Shoulder,17.5,,,No,22.0,18.0,No,Yes,0.044000000000000004,S-0026,2008-03-01,229,1,No,1,26.529715172793697
TA-09604,1.0,C-1233,CP-018,Boss,B-004,Round,Saddle,12.7,,,No,,,No,Yes,0.057999999999999996,S-0066,2011-08-01,10,1,No,1,22.1618824524407
TA-09919,1.0,C-0699,CP-018,Boss,B-011,Round,Shoulder,17.5,,,No,22.0,18.0,No,Yes,0.044000000000000004,S-0026,2008-03-01,3542,1,No,1,26.7244593068222
TA-09921,1.0,C-0699,CP-018,Boss,B-011,Round,Shoulder,17.5,,,No,22.0,18.0,No,Yes,0.044000000000000004,S-0026,2008-03-01,1084,1,No,1,50.4303845362029
TA-09923,1.0,C-0699,CP-018,Boss,B-011,Round,Shoulder,17.5,,,No,22.0,18.0,No,Yes,0.044000000000000004,S-0026,2013-11-07,5,0,Yes,1,616.668428637403
TA-09923,1.0,C-0699,CP-018,Boss,B-011,Round,Shoulder,17.5,,,No,22.0,18.0,No,Yes,0.044000000000000004,S-0026,2013-11-07,5,0,Yes,2,339.970398891628
TA-09923,1.0,C-0699,CP-018,Boss,B-011,Round,Shoulder,17.5,,,No,22.0,18.0,No,Yes,0.044000000000000004,S-0026,2013-11-07,5,0,Yes,3,228.587882463569
TA-09923,1.0,C-0699,CP-018,Boss,B-011,Round,Shoulder,17.5,,,No,22.0,18.0,No,Yes,0.044000000000000004,S-0026,2013-11-07,5,0,Yes,4,187.26039516366902
TA-09923,1.0,C-0699,CP-018,Boss,B-011,Round,Shoulder,17.5,,,No,22.0,18.0,No,Yes,0.044000000000000004,S-0026,2013-11-07,5,0,Yes,5,162.463902783728
TA-09924,1.0,C-0699,CP-018,Boss,B-011,Round,Shoulder,17.5,,,No,22.0,18.0,No,Yes,0.044000000000000004,S-0026,2008-03-01,161,1,No,1,282.384558459407
TA-09981,1.0,C-1925,CP-018,Boss,B-005,Round,Saddle,20.0,,,No,,,Yes,Yes,0.19699999999999998,S-0066,2011-08-01,16,1,No,1,28.98627332061
TA-10009,1.0,C-0780,CP-020,,9999,,,21.5,76.2,,No,,,No,Yes,0.5770000000000001,S-0026,2009-08-25,120,6,No,1,74.3227077224395
TA-10068,1.0,C-0520,CP-018,Boss,B-005,Round,Shoulder,9.5,,,No,25.0,18.0,Yes,Yes,0.021,S-0066,2011-08-01,250,5,No,5,28.315797087740602
TA-10071,2.0,C-0520,CP-018,Boss,B-005,Round,Shoulder,9.5,,,No,25.0,18.0,Yes,Yes,0.021,S-0066,2011-08-01,55,10,No,10,95.83915247352871
TA-10074,2.0,C-0520,CP-018,Boss,B-005,Round,Shoulder,9.5,,,No,25.0,18.0,Yes,Yes,0.021,S-0066,2006-11-21,40,5,No,5,18.214140649777697
TA-10241,1.0,C-0699,CP-018,Boss,B-011,Round,Shoulder,17.5,,,No,22.0,18.0,No,Yes,0.044000000000000004,S-0026,2008-03-01,252,1,No,1,37.0097316425833
TA-10242,1.0,C-0699,CP-018,Boss,B-011,Round,Shoulder,17.5,,,No,22.0,18.0,No,Yes,0.044000000000000004,S-0026,2008-03-01,48,1,No,1,61.4167357544666
TA-10300,1.0,C-0699,CP-018,Boss,B-011,Round,Shoulder,17.5,,,No,22.0,18.0,No,Yes,0.044000000000000004,S-0026,2008-03-01,5,1,No,1,274.54749809429
TA-10361,1.0,C-0699,CP-018,Boss,B-011,Round,Shoulder,17.5,,,No,22.0,18.0,No,Yes,0.044000000000000004,S-0026,2008-03-01,2304,1,No,1,21.313354439888002
TA-10366,1.0,C-0699,CP-018,Boss,B-011,Round,Shoulder,17.5,,,No,22.0,18.0,No,Yes,0.044000000000000004,S-0026,2008-03-01,1,1,No,1,62.5712902633497
TA-10469,1.0,C-0071,CP-018,Boss,B-005,Round,Shoulder,20.0,,,No,30.0,23.0,Yes,Yes,0.08,S-0066,2011-08-01,70,7,No,7,109.15686918201901
TA-10565,1.0,C-0071,CP-018,Boss,B-005,Round,Shoulder,20.0,,,No,30.0,23.0,Yes,Yes,0.08,S-0066,2011-08-01,39,5,No,5,93.33529932173401
TA-11255,1.0,C-0699,CP-018,Boss,B-011,Round,Shoulder,17.5,,,No,22.0,18.0,No,Yes,0.044000000000000004,S-0026,2013-08-23,5,0,Yes,1,431.043884199574
TA-11255,1.0,C-0699,CP-018,Boss,B-011,Round,Shoulder,17.5,,,No,22.0,18.0,No,Yes,0.044000000000000004,S-0026,2013-08-23,5,0,Yes,2,229.030229853719
TA-11255,1.0,C-0699,CP-018,Boss,B-011,Round,Shoulder,17.5,,,No,22.0,18.0,No,Yes,0.044000000000000004,S-0026,2013-08-23,5,0,Yes,3,154.25682856395701
TA-11255,1.0,C-0699,CP-018,Boss,B-011,Round,Shoulder,17.5,,,No,22.0,18.0,No,Yes,0.044000000000000004,S-0026,2013-08-23,5,0,Yes,4,122.446765299934
TA-11255,1.0,C-0699,CP-018,Boss,B-011,Round,Shoulder,17.5,,,No,22.0,18.0,No,Yes,0.044000000000000004,S-0026,2013-08-23,5,0,Yes,5,103.361840165143
TA-11257,1.0,C-0699,CP-018,Boss,B-011,Round,Shoulder,17.5,,,No,22.0,18.0,No,Yes,0.044000000000000004,S-0026,2008-03-01,5,1,No,1,172.379161264835
TA-11258,1.0,C-0699,CP-018,Boss,B-011,Round,Shoulder,17.5,,,No,22.0,18.0,No,Yes,0.044000000000000004,S-0026,2008-03-01,1,1,No,1,21.7278812394629
TA-11261,1.0,C-1507,CP-018,Boss,B-005,Round,Saddle,19.0,,,No,,,Yes,Yes,0.15,S-0064,2007-11-01,70,1,No,1,73.13755056392341
TA-11428,1.0,C-0520,CP-018,Boss,B-005,Round,Shoulder,9.5,,,No,25.0,18.0,Yes,Yes,0.021,S-0026,2010-06-22,75,5,No,1,58.9267928979596
TA-11705,1.0,C-0520,CP-018,Boss,B-005,Round,Shoulder,9.5,,,No,25.0,18.0,Yes,Yes,0.021,S-0066,2012-01-31,160,2,No,2,52.7172370815088
TA-11843,2.0,C-0520,CP-018,Boss,B-005,Round,Shoulder,9.5,,,No,25.0,18.0,Yes,Yes,0.021,S-0064,2007-10-05,600,1,No,1,15.348619820501499
TA-11878,1.0,C-0161,CP-020,,9999,,,19.2,76.2,,No,,,No,Yes,0.5589999999999999,S-0066,2011-08-01,60,6,No,6,65.1001819466624
TA-11931,2.0,C-0199,CP-018,Boss,B-004,Round,Shoulder,23.6,,,No,33.33,23.9,Yes,Yes,0.1,S-0064,2007-06-13,14,1,No,1,88.3693239040078
TA-11932,2.0,C-0199,CP-018,Boss,B-004,Round,Shoulder,23.6,,,No,33.33,23.9,Yes,Yes,0.1,S-0064,2007-06-13,14,1,No,1,93.9334420191072
TA-11938,1.0,C-1505,CP-018,Boss,B-004,Round,Shoulder,4.76,,,No,25.4,22.22,No,Yes,0.045,S-0066,2011-08-01,4,1,No,1,78.54587337179991
TA-11968,1.0,C-0520,CP-018,Boss,B-005,Round,Shoulder,9.5,,,No,25.0,18.0,Yes,Yes,0.021,S-0066,2012-08-20,149,12,No,12,65.751183766129
TA-12027,1.0,C-0425,CP-018,Boss,B-004,Round,Shoulder,8.73,,,No,15.88,12.29,No,Yes,0.005,S-0066,2009-04-01,400,40,No,40,22.6431786693968
TA-12040,1.0,C-0699,CP-018,Boss,B-011,Round,Shoulder,17.5,,,No,22.0,18.0,No,Yes,0.044000000000000004,S-0066,2013-07-11,8,2,No,2,80.96348269281059
TA-12315,1.0,C-0699,CP-018,Boss,B-011,Round,Shoulder,17.5,,,No,22.0,18.0,No,Yes,0.044000000000000004,S-0026,2008-03-01,7,1,No,1,191.61153552967602
TA-12347,1.0,C-0475,CP-018,Boss,B-005,Round,Saddle,15.8,,,No,,,Yes,Yes,0.05,S-0026,2012-03-01,120,10,No,1,89.9690078620989
TA-12361,1.0,C-0071,CP-018,Boss,B-005,Round,Shoulder,20.0,,,No,30.0,23.0,Yes,Yes,0.08,S-0066,2011-08-01,400,40,No,40,34.130300518019396
TA-12423,1.0,C-0071,CP-018,Boss,B-005,Round,Shoulder,20.0,,,No,30.0,23.0,Yes,Yes,0.08,S-0066,2011-08-01,70,10,No,10,65.9097611324093
TA-12424,1.0,C-0071,CP-018,Boss,B-005,Round,Shoulder,20.0,,,No,30.0,23.0,Yes,Yes,0.08,S-0066,2011-08-01,70,10,No,10,95.80576776483808
TA-12453,1.0,C-0199,CP-018,Boss,B-004,Round,Shoulder,23.6,,,No,33.33,23.9,Yes,Yes,0.1,S-0066,2011-08-01,36,1,No,1,72.03307311807609
TA-12454,1.0,C-0199,CP-018,Boss,B-004,Round,Shoulder,23.6,,,No,33.33,23.9,Yes,Yes,0.1,S-0066,2011-08-01,36,1,No,1,72.2639840198528
TA-12711,1.0,C-0699,CP-018,Boss,B-011,Round,Shoulder,17.5,,,No,22.0,18.0,No,Yes,0.044000000000000004,S-0026,2008-05-01,100,1,No,1,58.862805539636
TA-13189,1.0,C-1426,CP-018,Boss,B-005,Round,Shoulder,17.53,,,No,31.75,24.61,Yes,Yes,0.071,S-0066,2011-09-15,300,1,No,1,19.9028504977104
TA-13234,1.0,C-1089,CP-018,Boss,B-009,Round,Flat Bottom,12.5,,,No,18.0,,No,Yes,0.037000000000000005,S-0104,2013-04-19,665,1,No,1,18.4506156696694
TA-13310,4.0,C-0243,CP-019,,B-012,,,36.0,88.9,50.8,No,,,No,Yes,4.034,S-0066,2014-04-29,164,5,No,5,100.59369140288099
TA-13328,1.0,C-1426,CP-018,Boss,B-005,Round,Shoulder,17.53,,,No,31.75,24.61,Yes,Yes,0.071,S-0066,2011-08-01,350,5,Yes,5,16.970560251052998
TA-13328,1.0,C-1426,CP-018,Boss,B-005,Round,Shoulder,17.53,,,No,31.75,24.61,Yes,Yes,0.071,S-0066,2014-03-18,56,15,Yes,15,23.296962547920998
TA-13359,1.0,C-0770,CP-020,,9999,,,21.5,94.0,,No,,,No,Yes,0.987,S-0066,2011-08-01,120,15,No,15,26.4685098735276
TA-13459,1.0,C-1489,CP-018,Boss,B-004,Round,Flat Bottom,15.7,,,No,25.0,,No,Yes,0.04,S-0066,2011-08-01,1,1,Yes,1,26.5269331137361
TA-13459,1.0,C-1489,CP-018,Boss,B-004,Round,Flat Bottom,15.7,,,No,25.0,,No,Yes,0.04,S-0066,2011-08-01,55,6,Yes,1,26.5269331137361
TA-13516,1.0,C-0816,CP-018,Boss,B-005,Round,Saddle,18.54,,,No,,,Yes,Yes,0.071,S-0066,2011-08-01,813,85,No,85,10.2964005719913
TA-13645,1.0,C-1698,CP-018,Boss,B-005,Round,Shoulder,20.5,,,No,28.0,21.8,Yes,Yes,0.073,S-0064,2012-04-18,28,0,Yes,8,76.4648931967528
TA-13645,1.0,C-1698,CP-018,Boss,B-005,Round,Shoulder,20.5,,,No,28.0,21.8,Yes,Yes,0.073,S-0064,2012-04-18,28,0,Yes,12,65.4562855060287
TA-13645,1.0,C-1698,CP-018,Boss,B-005,Round,Shoulder,20.5,,,No,28.0,21.8,Yes,Yes,0.073,S-0064,2012-04-18,28,0,Yes,16,57.2241727547392
TA-13645,1.0,C-1698,CP-018,Boss,B-005,Round,Shoulder,20.5,,,No,28.0,21.8,Yes,Yes,0.073,S-0064,2012-04-18,28,0,Yes,24,50.483243658296395
TA-13645,1.0,C-1698,CP-018,Boss,B-005,Round,Shoulder,20.5,,,No,28.0,21.8,Yes,Yes,0.073,S-0064,2012-04-18,28,0,Yes,32,47.2171063247331
TA-14179,1.0,C-1340,CP-018,Boss,B-005,Round,Shoulder,18.3,,,No,44.45,40.13,Yes,Yes,0.146,S-0081,2013-04-08,289,1,No,1,21.8614200742253
TA-14192,4.0,C-0243,CP-019,,B-012,,,36.0,88.9,50.8,No,,,No,Yes,4.034,S-0066,2011-08-01,5,1,No,1,348.166344875169
TA-14263,1.0,C-0520,CP-018,Boss,B-005,Round,Shoulder,9.5,,,No,25.0,18.0,Yes,Yes,0.021,S-0066,2013-11-12,5,0,Yes,1,181.49875085548302
TA-14263,1.0,C-0520,CP-018,Boss,B-005,Round,Shoulder,9.5,,,No,25.0,18.0,Yes,Yes,0.021,S-0066,2013-11-12,5,0,Yes,5,38.167068210524
TA-14269,1.0,C-1505,CP-018,Boss,B-004,Round,Shoulder,4.76,,,No,25.4,22.22,No,Yes,0.045,S-0066,2013-04-23,306,15,No,15,19.3631310405457
TA-14299,1.0,C-1536,CP-018,Boss,B-005,Round,Saddle,15.75,,,No,,,Yes,Yes,0.052000000000000005,S-0013,2009-12-15,62,10,No,1,8.61047278311624
TA-14759,1.0,C-0165,CP-018,Boss,B-005,Round,Shoulder,12.0,,,No,30.0,25.0,No,Yes,0.046,S-0066,2014-02-14,80,4,No,4,30.087968707399696
TA-14880,1.0,C-1536,CP-018,Boss,B-005,Round,Saddle,15.75,,,No,,,Yes,Yes,0.052000000000000005,S-0041,2013-08-05,1,20,No,20,13.6571279135113
TA-14881,1.0,C-1536,CP-018,Boss,B-005,Round,Saddle,15.75,,,No,,,Yes,Yes,0.052000000000000005,S-0041,2013-08-05,1,20,No,20,11.5038142029679
TA-14883,1.0,C-1536,CP-018,Boss,B-005,Round,Saddle,15.75,,,No,,,Yes,Yes,0.052000000000000005,S-0041,2012-09-01,1,0,Yes,1,40.0533042515426
TA-14883,1.0,C-1536,CP-018,Boss,B-005,Round,Saddle,15.75,,,No,,,Yes,Yes,0.052000000000000005,S-0041,2012-09-01,1,0,Yes,6,11.7096865732266
TA-14883,1.0,C-1536,CP-018,Boss,B-005,Round,Saddle,15.75,,,No,,,Yes,Yes,0.052000000000000005,S-0041,2012-09-01,1,0,Yes,20,6.48219760409074
TA-15129,1.0,C-1708,CP-018,Boss,B-005,Round,Shoulder,11.0,,,No,30.0,27.7,No,Yes,0.052000000000000005,S-0104,2014-02-18,100,1,No,1,24.5683635372212
TA-15164,1.0,C-0474,CP-018,Boss,B-005,Round,Saddle,15.75,,,No,,,No,Yes,0.054000000000000006,S-0041,2013-08-05,20,20,No,20,15.3847865882497
TA-15288,1.0,C-1535,CP-018,Boss,B-005,Round,Saddle,15.75,,,No,,,Yes,Yes,0.052000000000000005,S-0066,2013-06-07,5,1,No,1,53.7020859878813
TA-15289,1.0,C-0520,CP-018,Boss,B-005,Round,Shoulder,9.5,,,No,25.0,18.0,Yes,Yes,0.021,S-0066,2014-07-17,300,2,No,2,38.4341458800487
TA-15290,2.0,C-0520,CP-018,Boss,B-005,Round,Shoulder,9.5,,,No,25.0,18.0,Yes,Yes,0.021,S-0104,2013-04-02,80,1,No,1,61.9230705029406
TA-15438,1.0,C-1426,CP-018,Boss,B-005,Round,Shoulder,17.53,,,No,31.75,24.61,Yes,Yes,0.071,S-0066,2013-04-22,270,15,No,15,16.0636089982918
TA-15467,1.0,C-0165,CP-018,Boss,B-005,Round,Shoulder,12.0,,,No,30.0,25.0,No,Yes,0.046,S-0026,2011-09-19,245,1,No,1,19.313053977509803
TA-15546,1.0,C-1089,CP-018,Boss,B-009,Round,Flat Bottom,12.5,,,No,18.0,,No,Yes,0.037000000000000005,S-0104,2013-04-19,253,1,No,1,16.177673419651402
TA-15547,1.0,C-1089,CP-018,Boss,B-009,Round,Flat Bottom,12.5,,,No,18.0,,No,Yes,0.037000000000000005,S-0104,2013-04-19,730,1,No,1,19.162822788402103
TA-15598,1.0,C-0837,CP-018,Boss,B-004,Round,Flat Bottom,20.0,,,No,25.0,,No,Yes,0.059000000000000004,S-0104,2013-04-03,5,4,No,1,39.2325968295655
TA-15625,1.0,C-0199,CP-018,Boss,B-004,Round,Shoulder,23.6,,,No,33.33,23.9,Yes,Yes,0.1,S-0066,2011-11-08,154,3,No,3,29.164325100293198
TA-15705,1.0,C-1123,CP-018,Boss,B-009,Round,Saddle,15.5,,,No,,,No,Yes,0.149,S-0066,2013-02-20,40,4,No,4,98.8076094879342
TA-15706,1.0,C-0837,CP-018,Boss,B-004,Round,Flat Bottom,20.0,,,No,25.0,,No,Yes,0.059000000000000004,S-0104,2013-04-03,9,1,No,1,24.968980041508303
TA-15756,2.0,C-0199,CP-018,Boss,B-004,Round,Shoulder,23.6,,,No,33.33,23.9,Yes,Yes,0.1,S-0026,2012-05-07,5,0,Yes,1,310.324777574378
TA-15756,2.0,C-0199,CP-018,Boss,B-004,Round,Shoulder,23.6,,,No,33.33,23.9,Yes,Yes,0.1,S-0026,2012-05-07,5,0,Yes,2,183.69379545189
TA-15756,2.0,C-0199,CP-018,Boss,B-004,Round,Shoulder,23.6,,,No,33.33,23.9,Yes,Yes,0.1,S-0026,2012-05-07,5,0,Yes,3,131.213033390273
TA-15756,2.0,C-0199,CP-018,Boss,B-004,Round,Shoulder,23.6,,,No,33.33,23.9,Yes,Yes,0.1,S-0026,2012-05-07,5,0,Yes,4,97.26913082910922
TA-15756,2.0,C-0199,CP-018,Boss,B-004,Round,Shoulder,23.6,,,No,33.33,23.9,Yes,Yes,0.1,S-0026,2012-05-07,5,0,Yes,5,86.14645871702558
TA-15757,1.0,C-0199,CP-018,Boss,B-004,Round,Shoulder,23.6,,,No,33.33,23.9,Yes,Yes,0.1,S-0026,2012-05-07,5,0,Yes,1,191.149713726123
TA-15757,1.0,C-0199,CP-018,Boss,B-004,Round,Shoulder,23.6,,,No,33.33,23.9,Yes,Yes,0.1,S-0026,2012-05-07,5,0,Yes,2,109.29597213489599
TA-15757,1.0,C-0199,CP-018,Boss,B-004,Round,Shoulder,23.6,,,No,33.33,23.9,Yes,Yes,0.1,S-0026,2012-05-07,5,0,Yes,3,76.8766379372701
TA-15757,1.0,C-0199,CP-018,Boss,B-004,Round,Shoulder,23.6,,,No,33.33,23.9,Yes,Yes,0.1,S-0026,2012-05-07,5,0,Yes,4,56.8152100732794
TA-15757,1.0,C-0199,CP-018,Boss,B-004,Round,Shoulder,23.6,,,No,33.33,23.9,Yes,Yes,0.1,S-0026,2012-05-07,5,0,Yes,5,49.4010226849095
TA-15811,1.0,C-1117,CP-018,Boss,B-005,Round,Saddle,38.1,,,No,50.8,,No,Yes,0.523,S-0104,2013-04-03,75,3,No,1,68.6389610678655
TA-15881,1.0,C-0816,CP-018,Boss,B-005,Round,Saddle,18.54,,,No,,,Yes,Yes,0.071,S-0026,2013-09-04,578,1,No,1,37.4409507965035
TA-16104,1.0,C-1925,CP-018,Boss,B-005,Round,Saddle,20.0,,,No,,,Yes,Yes,0.19699999999999998,S-0026,2013-04-04,225,1,No,1,17.056804081837
TA-16105,1.0,C-1925,CP-018,Boss,B-005,Round,Saddle,20.0,,,No,,,Yes,Yes,0.19699999999999998,S-0066,2012-12-04,225,1,No,1,25.825854231233603
TA-16255,1.0,C-0356,CP-018,Boss,B-005,Round,Shoulder,8.0,,,No,35.0,30.0,Yes,Yes,0.12,S-0104,2013-04-03,90,1,No,1,34.7952126327738
TA-16263,1.0,C-1123,CP-018,Boss,B-009,Round,Saddle,15.5,,,No,,,No,Yes,0.149,S-0066,2012-10-02,1066,40,No,40,30.8085220033051
TA-16330,1.0,C-0356,CP-018,Boss,B-005,Round,Shoulder,8.0,,,No,35.0,30.0,Yes,Yes,0.12,S-0066,2012-01-31,90,2,No,2,44.415572853780496
TA-16435,1.0,C-1257,CP-018,Boss,B-005,Round,Shoulder,10.0,,,No,25.0,18.0,No,Yes,0.06,S-0026,2012-04-18,5,0,Yes,1,215.937859928891
TA-16435,1.0,C-1257,CP-018,Boss,B-005,Round,Shoulder,10.0,,,No,25.0,18.0,No,Yes,0.06,S-0026,2012-04-18,5,0,Yes,2,112.155928846058
TA-16435,1.0,C-1257,CP-018,Boss,B-005,Round,Shoulder,10.0,,,No,25.0,18.0,No,Yes,0.06,S-0026,2012-04-18,5,0,Yes,3,76.3424825982206
TA-16435,1.0,C-1257,CP-018,Boss,B-005,Round,Shoulder,10.0,,,No,25.0,18.0,No,Yes,0.06,S-0026,2012-04-18,5,0,Yes,4,57.5190710148395
TA-16435,1.0,C-1257,CP-018,Boss,B-005,Round,Shoulder,10.0,,,No,25.0,18.0,No,Yes,0.06,S-0026,2012-04-18,5,0,Yes,5,47.3228245689199
TA-16525,1.0,C-1340,CP-018,Boss,B-005,Round,Shoulder,18.3,,,No,44.45,40.13,Yes,Yes,0.146,S-0066,2014-07-15,835,3,Yes,3,21.8196891883621
TA-16525,1.0,C-1340,CP-018,Boss,B-005,Round,Shoulder,18.3,,,No,44.45,40.13,Yes,Yes,0.146,S-0066,2014-07-15,835,30,Yes,30,21.8196891883621
TA-16541,1.0,C-1411,CP-018,Boss,B-004,Round,Flat Bottom,18.3,,,No,25.0,,No,Yes,0.057,S-0003,2012-05-09,4,1,No,1,96.2675895683913
TA-16809,1.0,C-1708,CP-018,Boss,B-005,Round,Shoulder,11.0,,,No,30.0,27.7,No,Yes,0.052000000000000005,S-0105,2013-04-01,150,1,No,1,17.5520105940809
TA-17119,1.0,C-0837,CP-018,Boss,B-004,Round,Flat Bottom,20.0,,,No,25.0,,No,Yes,0.059000000000000004,S-0064,2012-04-16,120,1,No,1,66.27142880989079
TA-17160,1.0,C-0520,CP-018,Boss,B-005,Round,Shoulder,9.5,,,No,25.0,18.0,Yes,Yes,0.021,S-0092,2012-01-13,365,12,No,1,11.891355029684599
TA-17194,1.0,C-1536,CP-018,Boss,B-005,Round,Saddle,15.75,,,No,,,Yes,Yes,0.052000000000000005,S-0041,2012-01-19,200,0,Yes,10,15.718633675155699
TA-17194,1.0,C-1536,CP-018,Boss,B-005,Round,Saddle,15.75,,,No,,,Yes,Yes,0.052000000000000005,S-0041,2012-01-19,200,0,Yes,20,13.2147805233609
TA-17194,1.0,C-1536,CP-018,Boss,B-005,Round,Saddle,15.75,,,No,,,Yes,Yes,0.052000000000000005,S-0041,2012-11-20,8,0,Yes,10,15.718633675155699
TA-17194,1.0,C-1536,CP-018,Boss,B-005,Round,Saddle,15.75,,,No,,,Yes,Yes,0.052000000000000005,S-0041,2012-11-20,8,0,Yes,20,13.2147805233609
TA-17308,1.0,C-1535,CP-018,Boss,B-005,Round,Saddle,15.75,,,No,,,Yes,Yes,0.052000000000000005,S-0013,2012-11-09,300,1,No,1,14.2469244337119
TA-17310,1.0,C-1708,CP-018,Boss,B-005,Round,Shoulder,11.0,,,No,30.0,27.7,No,Yes,0.052000000000000005,S-0026,2012-04-11,70,1,No,1,44.7828046493771
TA-17427,1.0,C-0242,CP-018,Boss,B-005,Round,Flat Bottom,20.0,,,No,32.0,,Yes,Yes,0.08,S-0026,2013-01-29,244,1,No,1,26.062329251125302
TA-17633,1.0,C-1536,CP-018,Boss,B-005,Round,Saddle,15.75,,,No,,,Yes,Yes,0.052000000000000005,S-0066,2008-04-01,4,0,Yes,1,239.96372194989
TA-17633,1.0,C-1536,CP-018,Boss,B-005,Round,Saddle,15.75,,,No,,,Yes,Yes,0.052000000000000005,S-0066,2008-04-01,4,0,Yes,3,86.94212760748479
TA-17633,1.0,C-1536,CP-018,Boss,B-005,Round,Saddle,15.75,,,No,,,Yes,Yes,0.052000000000000005,S-0066,2008-04-01,4,0,Yes,5,56.342260033496
TA-17633,1.0,C-1536,CP-018,Boss,B-005,Round,Saddle,15.75,,,No,,,Yes,Yes,0.052000000000000005,S-0066,2008-04-01,4,0,Yes,7,43.22206951809171
TA-17633,1.0,C-1536,CP-018,Boss,B-005,Round,Saddle,15.75,,,No,,,Yes,Yes,0.052000000000000005,S-0066,2008-04-01,4,0,Yes,9,35.9358568463691
TA-17635,1.0,C-0817,CP-018,Boss,B-005,Round,Saddle,18.54,,,No,31.75,,No,Yes,0.069,S-0026,2012-08-23,5,0,Yes,1,595.107470941393
TA-17635,1.0,C-0817,CP-018,Boss,B-005,Round,Saddle,18.54,,,No,31.75,,No,Yes,0.069,S-0026,2012-08-23,5,0,Yes,2,324.12100844076696
TA-17635,1.0,C-0817,CP-018,Boss,B-005,Round,Saddle,18.54,,,No,31.75,,No,Yes,0.069,S-0026,2012-08-23,5,0,Yes,3,233.23670314873402
TA-17635,1.0,C-0817,CP-018,Boss,B-005,Round,Saddle,18.54,,,No,31.75,,No,Yes,0.069,S-0026,2012-08-23,5,0,Yes,4,187.833499329524
TA-17635,1.0,C-0817,CP-018,Boss,B-005,Round,Saddle,18.54,,,No,31.75,,No,Yes,0.069,S-0026,2012-08-23,5,0,Yes,5,160.45525614417699
TA-18053,1.0,C-0678,CP-018,Boss,B-005,Round,Saddle,20.0,,,No,,,Yes,Yes,0.11199999999999999,S-0066,2013-01-24,300,25,No,25,20.9628149986368
TA-18198,1.0,C-0165,CP-018,Boss,B-005,Round,Shoulder,12.0,,,No,30.0,25.0,No,Yes,0.046,S-0066,2012-11-20,500,20,No,20,16.995598782571
TA-18221,1.0,C-0165,CP-018,Boss,B-005,Round,Shoulder,12.0,,,No,30.0,25.0,No,Yes,0.046,S-0066,2012-12-26,300,25,No,25,27.870667638532602
TA-18227,1.0,C-0054,CP-018,Boss,B-005,Round,Saddle,27.1,,,No,,,Yes,Yes,0.18,S-0026,2013-04-25,67,5,No,1,74.2531562460008
TA-18232,1.0,C-0054,CP-018,Boss,B-005,Round,Saddle,27.1,,,No,,,Yes,Yes,0.18,S-0026,2013-04-25,67,1,No,1,75.6525319519483
TA-18315,1.0,C-1536,CP-018,Boss,B-005,Round,Saddle,15.75,,,No,,,Yes,Yes,0.052000000000000005,S-0041,2014-03-25,748,50,No,50,13.6599099725689
TA-18380,2.0,C-0534,CP-018,Boss,B-005,Round,Saddle,21.6,,,No,,,Yes,Yes,0.217,S-0026,2013-05-06,500,1,No,1,21.6861503535997
TA-18537,1.0,C-0486,CP-018,Boss,B-004,Round,Shoulder,25.4,,,No,38.1,26.9,Yes,Yes,0.114,S-0026,2013-07-03,2,1,No,1,299.85867139987596
TA-18631,1.0,C-0678,CP-018,Boss,B-005,Round,Saddle,20.0,,,No,,,Yes,Yes,0.11199999999999999,S-0054,2014-07-24,1,0,Yes,1,11.8682639395069
TA-18631,1.0,C-0678,CP-018,Boss,B-005,Round,Saddle,20.0,,,No,,,Yes,Yes,0.11199999999999999,S-0054,2014-07-24,1,0,Yes,2,9.486821386244392
TA-18631,1.0,C-0678,CP-018,Boss,B-005,Round,Saddle,20.0,,,No,,,Yes,Yes,0.11199999999999999,S-0054,2014-07-24,1,0,Yes,3,8.69949867295783
TA-18631,1.0,C-0678,CP-018,Boss,B-005,Round,Saddle,20.0,,,No,,,Yes,Yes,0.11199999999999999,S-0054,2014-07-24,1,0,Yes,5,6.73814703738531
TA-18631,1.0,C-0678,CP-018,Boss,B-005,Round,Saddle,20.0,,,No,,,Yes,Yes,0.11199999999999999,S-0054,2014-07-24,1,0,Yes,10,6.34309465121326
TA-18631,1.0,C-0678,CP-018,Boss,B-005,Round,Saddle,20.0,,,No,,,Yes,Yes,0.11199999999999999,S-0054,2014-07-24,1,0,Yes,20,6.14278639906968
TA-18631,1.0,C-0678,CP-018,Boss,B-005,Round,Saddle,20.0,,,No,,,Yes,Yes,0.11199999999999999,S-0054,2014-07-24,1,0,Yes,50,5.8729266704873595
TA-18756,1.0,C-1417,CP-018,Boss,B-004,Round,Saddle,12.7,,,No,,,No,Yes,0.034,S-0066,2011-08-01,262,30,No,30,14.2552706108845
TA-18786,1.0,C-1233,CP-018,Boss,B-004,Round,Saddle,12.7,,,No,,,No,Yes,0.057999999999999996,S-0066,2011-08-01,146,1,No,1,5.80059313499107
TA-18861,2.0,C-0483,CP-018,Boss,B-004,Round,Saddle,12.0,,,No,,,No,Yes,0.08,S-0026,1997-10-20,200,5,No,5,9.91525848110704
TA-19276,1.0,C-1970,CP-018,Boss,B-004,Round,Saddle,16.0,,,No,,,No,Yes,0.032,S-0062,2011-04-04,174,1,No,1,2.69859728582318
TA-19570,1.0,C-0426,CP-018,Boss,B-004,Round,Shoulder,6.0,,,No,22.0,18.2,No,Yes,0.023,S-0026,1987-04-10,0,25,No,25,20.8876994040829
TA-19604,1.0,C-1970,CP-018,Boss,B-004,Round,Saddle,16.0,,,No,,,No,Yes,0.032,S-0062,1999-06-01,1000,1,No,1,5.19132220138769
TA-19622,1.0,C-1233,CP-018,Boss,B-004,Round,Saddle,12.7,,,No,,,No,Yes,0.057999999999999996,S-0026,2011-05-02,10,5,No,5,35.3627526805139
TA-19638,1.0,C-1417,CP-018,Boss,B-004,Round,Saddle,12.7,,,No,,,No,Yes,0.034,S-0026,2009-03-01,177,3,No,1,32.7086683396115
TA-19862,1.0,C-1233,CP-018,Boss,B-004,Round,Saddle,12.7,,,No,,,No,Yes,0.057999999999999996,S-0026,2010-03-01,20,1,No,1,49.5929847598805
TA-20386,2.0,C-1919,CP-019,,B-012,,,35.0,58.72,30.18,No,,,No,Yes,1.96,S-0066,2011-08-01,350,20,No,20,18.993117185891602
TA-20459,1.0,C-1725,CP-018,Boss,B-005,Round,Saddle,23.11,,,No,,,No,Yes,0.24,S-0066,2008-03-01,5,0,Yes,1,407.08200953689794
TA-20459,1.0,C-1725,CP-018,Boss,B-005,Round,Saddle,23.11,,,No,,,No,Yes,0.24,S-0066,2008-03-01,5,0,Yes,2,222.765032856117
TA-20459,1.0,C-1725,CP-018,Boss,B-005,Round,Saddle,23.11,,,No,,,No,Yes,0.24,S-0066,2008-03-01,5,0,Yes,3,161.32604062918998
TA-20459,1.0,C-1725,CP-018,Boss,B-005,Round,Saddle,23.11,,,No,,,No,Yes,0.24,S-0066,2008-03-01,5,0,Yes,5,112.17540325946001
TA-20459,1.0,C-1725,CP-018,Boss,B-005,Round,Saddle,23.11,,,No,,,No,Yes,0.24,S-0066,2008-03-01,5,0,Yes,7,91.1152161938093
TA-20489,1.0,C-1536,CP-018,Boss,B-005,Round,Saddle,15.75,,,No,,,Yes,Yes,0.052000000000000005,S-0066,2013-10-01,0,0,Yes,1,29.859839864680602
TA-20489,1.0,C-1536,CP-018,Boss,B-005,Round,Saddle,15.75,,,No,,,Yes,Yes,0.052000000000000005,S-0066,2013-10-01,0,0,Yes,2,17.9999221023464
TA-20489,1.0,C-1536,CP-018,Boss,B-005,Round,Saddle,15.75,,,No,,,Yes,Yes,0.052000000000000005,S-0066,2013-10-01,0,0,Yes,5,10.8834150331343
TA-20489,1.0,C-1536,CP-018,Boss,B-005,Round,Saddle,15.75,,,No,,,Yes,Yes,0.052000000000000005,S-0066,2013-10-01,0,0,Yes,10,8.51031865704445
TA-20489,1.0,C-1536,CP-018,Boss,B-005,Round,Saddle,15.75,,,No,,,Yes,Yes,0.052000000000000005,S-0066,2013-10-01,0,0,Yes,25,7.08868647863657
TA-20489,1.0,C-1536,CP-018,Boss,B-005,Round,Saddle,15.75,,,No,,,Yes,Yes,0.052000000000000005,S-0066,2013-10-01,0,0,Yes,50,6.67972379717677
TA-20489,1.0,C-1536,CP-018,Boss,B-005,Round,Saddle,15.75,,,No,,,Yes,Yes,0.052000000000000005,S-0066,2013-10-01,0,0,Yes,100,6.49332584032094
TA-20489,1.0,C-1536,CP-018,Boss,B-005,Round,Saddle,15.75,,,No,,,Yes,Yes,0.052000000000000005,S-0066,2013-10-01,0,0,Yes,250,6.38204347801895
TA-20869,1.0,C-1231,CP-018,Boss,B-004,Round,Saddle,12.7,,,No,,,No,Yes,0.015,S-0066,2013-10-01,0,0,Yes,1,29.851493687508
TA-20869,1.0,C-1231,CP-018,Boss,B-004,Round,Saddle,12.7,,,No,,,No,Yes,0.015,S-0066,2013-10-01,0,0,Yes,2,19.6608113597035
TA-20869,1.0,C-1231,CP-018,Boss,B-004,Round,Saddle,12.7,,,No,,,No,Yes,0.015,S-0066,2013-10-01,0,0,Yes,5,13.5458455512094
TA-20869,1.0,C-1231,CP-018,Boss,B-004,Round,Saddle,12.7,,,No,,,No,Yes,0.015,S-0066,2013-10-01,0,0,Yes,10,11.509378321083
TA-20869,1.0,C-1231,CP-018,Boss,B-004,Round,Saddle,12.7,,,No,,,No,Yes,0.015,S-0066,2013-10-01,0,0,Yes,25,10.2852723357611
TA-20869,1.0,C-1231,CP-018,Boss,B-004,Round,Saddle,12.7,,,No,,,No,Yes,0.015,S-0066,2013-10-01,0,0,Yes,50,9.945861130740079
TA-20869,1.0,C-1231,CP-018,Boss,B-004,Round,Saddle,12.7,,,No,,,No,Yes,0.015,S-0066,2013-10-01,0,0,Yes,100,9.7900658235173
TA-20869,1.0,C-1231,CP-018,Boss,B-004,Round,Saddle,12.7,,,No,,,No,Yes,0.015,S-0066,2013-10-01,0,0,Yes,250,9.698257874618161
TA-21127,1.0,C-0432,CP-018,Boss,B-004,Round,Saddle,22.23,,,No,38.1,,No,Yes,0.063,S-0064,2002-10-09,179,1,No,1,7.58111093182286
